component_file,component_layer,previous_unknown_reason,final_lifecycle_status,active_runtime,consumed_by_dag,final_reason
directors/kernel/aruna.md,DIRECTOR,MAC-06.2C active UNKNOWN_NEEDS_REVIEW,QUARANTINE_REVIEW,false,false,not consumed by executable DAG
directors/strategy/durga.md,DIRECTOR,MAC-06.2C active UNKNOWN_NEEDS_REVIEW,QUARANTINE_REVIEW,false,false,not consumed by executable DAG
directors/strategy/yudhishthira.md,DIRECTOR,MAC-06.2C active UNKNOWN_NEEDS_REVIEW,QUARANTINE_REVIEW,false,false,not consumed by executable DAG
agents/agastya/agastya_agent.py,AGENT,MAC-06.2C active UNKNOWN_NEEDS_REVIEW,ACTIVE_CORE,true,true,directly consumed by executable route DAG node
agents/agent_control_plane_001/agent_control_plane_001_agent.py,AGENT,MAC-06.2C active UNKNOWN_NEEDS_REVIEW,DUPLICATE_CANDIDATE,false,false,duplicate candidate quarantined from active execution
agents/agent_control_plane_002/agent_control_plane_002_agent.py,AGENT,MAC-06.2C active UNKNOWN_NEEDS_REVIEW,DUPLICATE_CANDIDATE,false,false,duplicate candidate quarantined from active execution
agents/agent_control_plane_003/agent_control_plane_003_agent.py,AGENT,MAC-06.2C active UNKNOWN_NEEDS_REVIEW,DUPLICATE_CANDIDATE,false,false,duplicate candidate quarantined from active execution
agents/agent_control_plane_004/agent_control_plane_004_agent.py,AGENT,MAC-06.2C active UNKNOWN_NEEDS_REVIEW,DUPLICATE_CANDIDATE,false,false,duplicate candidate quarantined from active execution
agents/agent_control_plane_005/agent_control_plane_005_agent.py,AGENT,MAC-06.2C active UNKNOWN_NEEDS_REVIEW,DUPLICATE_CANDIDATE,false,false,duplicate candidate quarantined from active execution
agents/agent_evolution_001/agent_evolution_001_agent.py,AGENT,MAC-06.2C active UNKNOWN_NEEDS_REVIEW,DUPLICATE_CANDIDATE,false,false,duplicate candidate quarantined from active execution
agents/agent_evolution_002/agent_evolution_002_agent.py,AGENT,MAC-06.2C active UNKNOWN_NEEDS_REVIEW,DUPLICATE_CANDIDATE,false,false,duplicate candidate quarantined from active execution
agents/agent_evolution_003/agent_evolution_003_agent.py,AGENT,MAC-06.2C active UNKNOWN_NEEDS_REVIEW,DUPLICATE_CANDIDATE,false,false,duplicate candidate quarantined from active execution
agents/agent_evolution_004/agent_evolution_004_agent.py,AGENT,MAC-06.2C active UNKNOWN_NEEDS_REVIEW,DUPLICATE_CANDIDATE,false,false,duplicate candidate quarantined from active execution
agents/agent_evolution_005/agent_evolution_005_agent.py,AGENT,MAC-06.2C active UNKNOWN_NEEDS_REVIEW,DUPLICATE_CANDIDATE,false,false,duplicate candidate quarantined from active execution
agents/agent_governance_001/agent_governance_001_agent.py,AGENT,MAC-06.2C active UNKNOWN_NEEDS_REVIEW,DUPLICATE_CANDIDATE,false,false,duplicate candidate quarantined from active execution
agents/agent_governance_002/agent_governance_002_agent.py,AGENT,MAC-06.2C active UNKNOWN_NEEDS_REVIEW,DUPLICATE_CANDIDATE,false,false,duplicate candidate quarantined from active execution
agents/agent_governance_003/agent_governance_003_agent.py,AGENT,MAC-06.2C active UNKNOWN_NEEDS_REVIEW,DUPLICATE_CANDIDATE,false,false,duplicate candidate quarantined from active execution
agents/agent_governance_004/agent_governance_004_agent.py,AGENT,MAC-06.2C active UNKNOWN_NEEDS_REVIEW,DUPLICATE_CANDIDATE,false,false,duplicate candidate quarantined from active execution
agents/agent_governance_005/agent_governance_005_agent.py,AGENT,MAC-06.2C active UNKNOWN_NEEDS_REVIEW,DUPLICATE_CANDIDATE,false,false,duplicate candidate quarantined from active execution
agents/agent_governance_006/agent_governance_006_agent.py,AGENT,MAC-06.2C active UNKNOWN_NEEDS_REVIEW,DUPLICATE_CANDIDATE,false,false,duplicate candidate quarantined from active execution
agents/agent_governance_007/agent_governance_007_agent.py,AGENT,MAC-06.2C active UNKNOWN_NEEDS_REVIEW,DUPLICATE_CANDIDATE,false,false,duplicate candidate quarantined from active execution
agents/agent_governance_008/agent_governance_008_agent.py,AGENT,MAC-06.2C active UNKNOWN_NEEDS_REVIEW,DUPLICATE_CANDIDATE,false,false,duplicate candidate quarantined from active execution
agents/agent_governance_009/agent_governance_009_agent.py,AGENT,MAC-06.2C active UNKNOWN_NEEDS_REVIEW,DUPLICATE_CANDIDATE,false,false,duplicate candidate quarantined from active execution
agents/agent_governance_010/agent_governance_010_agent.py,AGENT,MAC-06.2C active UNKNOWN_NEEDS_REVIEW,DUPLICATE_CANDIDATE,false,false,duplicate candidate quarantined from active execution
agents/agent_kernel_001/agent_kernel_001_agent.py,AGENT,MAC-06.2C active UNKNOWN_NEEDS_REVIEW,DUPLICATE_CANDIDATE,false,false,duplicate candidate quarantined from active execution
agents/agent_kernel_002/agent_kernel_002_agent.py,AGENT,MAC-06.2C active UNKNOWN_NEEDS_REVIEW,DUPLICATE_CANDIDATE,false,false,duplicate candidate quarantined from active execution
agents/agent_kernel_003/agent_kernel_003_agent.py,AGENT,MAC-06.2C active UNKNOWN_NEEDS_REVIEW,DUPLICATE_CANDIDATE,false,false,duplicate candidate quarantined from active execution
agents/agent_kernel_004/agent_kernel_004_agent.py,AGENT,MAC-06.2C active UNKNOWN_NEEDS_REVIEW,DUPLICATE_CANDIDATE,false,false,duplicate candidate quarantined from active execution
agents/agent_kernel_005/agent_kernel_005_agent.py,AGENT,MAC-06.2C active UNKNOWN_NEEDS_REVIEW,DUPLICATE_CANDIDATE,false,false,duplicate candidate quarantined from active execution
agents/agent_kernel_006/agent_kernel_006_agent.py,AGENT,MAC-06.2C active UNKNOWN_NEEDS_REVIEW,DUPLICATE_CANDIDATE,false,false,duplicate candidate quarantined from active execution
agents/agent_kernel_007/agent_kernel_007_agent.py,AGENT,MAC-06.2C active UNKNOWN_NEEDS_REVIEW,DUPLICATE_CANDIDATE,false,false,duplicate candidate quarantined from active execution
agents/agent_kernel_008/agent_kernel_008_agent.py,AGENT,MAC-06.2C active UNKNOWN_NEEDS_REVIEW,DUPLICATE_CANDIDATE,false,false,duplicate candidate quarantined from active execution
agents/agent_kernel_009/agent_kernel_009_agent.py,AGENT,MAC-06.2C active UNKNOWN_NEEDS_REVIEW,DUPLICATE_CANDIDATE,false,false,duplicate candidate quarantined from active execution
agents/agent_kernel_010/agent_kernel_010_agent.py,AGENT,MAC-06.2C active UNKNOWN_NEEDS_REVIEW,DUPLICATE_CANDIDATE,false,false,duplicate candidate quarantined from active execution
agents/agent_kernel_011/agent_kernel_011_agent.py,AGENT,MAC-06.2C active UNKNOWN_NEEDS_REVIEW,DUPLICATE_CANDIDATE,false,false,duplicate candidate quarantined from active execution
agents/agent_kernel_012/agent_kernel_012_agent.py,AGENT,MAC-06.2C active UNKNOWN_NEEDS_REVIEW,DUPLICATE_CANDIDATE,false,false,duplicate candidate quarantined from active execution
agents/agent_media_001/agent_media_001_agent.py,AGENT,MAC-06.2C active UNKNOWN_NEEDS_REVIEW,DUPLICATE_CANDIDATE,false,false,duplicate candidate quarantined from active execution
agents/agent_media_002/agent_media_002_agent.py,AGENT,MAC-06.2C active UNKNOWN_NEEDS_REVIEW,DUPLICATE_CANDIDATE,false,false,duplicate candidate quarantined from active execution
agents/agent_media_003/agent_media_003_agent.py,AGENT,MAC-06.2C active UNKNOWN_NEEDS_REVIEW,DUPLICATE_CANDIDATE,false,false,duplicate candidate quarantined from active execution
agents/agent_media_004/agent_media_004_agent.py,AGENT,MAC-06.2C active UNKNOWN_NEEDS_REVIEW,DUPLICATE_CANDIDATE,false,false,duplicate candidate quarantined from active execution
agents/agent_media_005/agent_media_005_agent.py,AGENT,MAC-06.2C active UNKNOWN_NEEDS_REVIEW,DUPLICATE_CANDIDATE,false,false,duplicate candidate quarantined from active execution
agents/agent_media_006/agent_media_006_agent.py,AGENT,MAC-06.2C active UNKNOWN_NEEDS_REVIEW,DUPLICATE_CANDIDATE,false,false,duplicate candidate quarantined from active execution
agents/agent_media_007/agent_media_007_agent.py,AGENT,MAC-06.2C active UNKNOWN_NEEDS_REVIEW,DUPLICATE_CANDIDATE,false,false,duplicate candidate quarantined from active execution
agents/agent_media_008/agent_media_008_agent.py,AGENT,MAC-06.2C active UNKNOWN_NEEDS_REVIEW,DUPLICATE_CANDIDATE,false,false,duplicate candidate quarantined from active execution
agents/agent_media_009/agent_media_009_agent.py,AGENT,MAC-06.2C active UNKNOWN_NEEDS_REVIEW,DUPLICATE_CANDIDATE,false,false,duplicate candidate quarantined from active execution
agents/agent_media_010/agent_media_010_agent.py,AGENT,MAC-06.2C active UNKNOWN_NEEDS_REVIEW,DUPLICATE_CANDIDATE,false,false,duplicate candidate quarantined from active execution
agents/agent_media_011/agent_media_011_agent.py,AGENT,MAC-06.2C active UNKNOWN_NEEDS_REVIEW,DUPLICATE_CANDIDATE,false,false,duplicate candidate quarantined from active execution
agents/agent_media_012/agent_media_012_agent.py,AGENT,MAC-06.2C active UNKNOWN_NEEDS_REVIEW,DUPLICATE_CANDIDATE,false,false,duplicate candidate quarantined from active execution
agents/agent_media_013/agent_media_013_agent.py,AGENT,MAC-06.2C active UNKNOWN_NEEDS_REVIEW,DUPLICATE_CANDIDATE,false,false,duplicate candidate quarantined from active execution
agents/agent_media_014/agent_media_014_agent.py,AGENT,MAC-06.2C active UNKNOWN_NEEDS_REVIEW,DUPLICATE_CANDIDATE,false,false,duplicate candidate quarantined from active execution
agents/agent_media_015/agent_media_015_agent.py,AGENT,MAC-06.2C active UNKNOWN_NEEDS_REVIEW,DUPLICATE_CANDIDATE,false,false,duplicate candidate quarantined from active execution
agents/agent_media_016/agent_media_016_agent.py,AGENT,MAC-06.2C active UNKNOWN_NEEDS_REVIEW,DUPLICATE_CANDIDATE,false,false,duplicate candidate quarantined from active execution
agents/agent_media_017/agent_media_017_agent.py,AGENT,MAC-06.2C active UNKNOWN_NEEDS_REVIEW,DUPLICATE_CANDIDATE,false,false,duplicate candidate quarantined from active execution
agents/agent_media_018/agent_media_018_agent.py,AGENT,MAC-06.2C active UNKNOWN_NEEDS_REVIEW,DUPLICATE_CANDIDATE,false,false,duplicate candidate quarantined from active execution
agents/agent_media_019/agent_media_019_agent.py,AGENT,MAC-06.2C active UNKNOWN_NEEDS_REVIEW,DUPLICATE_CANDIDATE,false,false,duplicate candidate quarantined from active execution
agents/agent_media_020/agent_media_020_agent.py,AGENT,MAC-06.2C active UNKNOWN_NEEDS_REVIEW,DUPLICATE_CANDIDATE,false,false,duplicate candidate quarantined from active execution
agents/agent_plugin_runtime_001/agent_plugin_runtime_001_agent.py,AGENT,MAC-06.2C active UNKNOWN_NEEDS_REVIEW,QUARANTINE_REVIEW,false,false,not consumed by executable DAG
agents/agent_plugin_runtime_002/agent_plugin_runtime_002_agent.py,AGENT,MAC-06.2C active UNKNOWN_NEEDS_REVIEW,QUARANTINE_REVIEW,false,false,not consumed by executable DAG
agents/agent_plugin_runtime_003/agent_plugin_runtime_003_agent.py,AGENT,MAC-06.2C active UNKNOWN_NEEDS_REVIEW,QUARANTINE_REVIEW,false,false,not consumed by executable DAG
agents/agent_plugin_runtime_004/agent_plugin_runtime_004_agent.py,AGENT,MAC-06.2C active UNKNOWN_NEEDS_REVIEW,QUARANTINE_REVIEW,false,false,not consumed by executable DAG
agents/agent_recovery_001/agent_recovery_001_agent.py,AGENT,MAC-06.2C active UNKNOWN_NEEDS_REVIEW,DUPLICATE_CANDIDATE,false,false,duplicate candidate quarantined from active execution
agents/agent_recovery_002/agent_recovery_002_agent.py,AGENT,MAC-06.2C active UNKNOWN_NEEDS_REVIEW,DUPLICATE_CANDIDATE,false,false,duplicate candidate quarantined from active execution
agents/agent_recovery_003/agent_recovery_003_agent.py,AGENT,MAC-06.2C active UNKNOWN_NEEDS_REVIEW,DUPLICATE_CANDIDATE,false,false,duplicate candidate quarantined from active execution
agents/agent_recovery_004/agent_recovery_004_agent.py,AGENT,MAC-06.2C active UNKNOWN_NEEDS_REVIEW,DUPLICATE_CANDIDATE,false,false,duplicate candidate quarantined from active execution
agents/agent_recovery_005/agent_recovery_005_agent.py,AGENT,MAC-06.2C active UNKNOWN_NEEDS_REVIEW,DUPLICATE_CANDIDATE,false,false,duplicate candidate quarantined from active execution
agents/agent_recovery_006/agent_recovery_006_agent.py,AGENT,MAC-06.2C active UNKNOWN_NEEDS_REVIEW,DUPLICATE_CANDIDATE,false,false,duplicate candidate quarantined from active execution
agents/agent_recovery_007/agent_recovery_007_agent.py,AGENT,MAC-06.2C active UNKNOWN_NEEDS_REVIEW,DUPLICATE_CANDIDATE,false,false,duplicate candidate quarantined from active execution
agents/agent_recovery_008/agent_recovery_008_agent.py,AGENT,MAC-06.2C active UNKNOWN_NEEDS_REVIEW,DUPLICATE_CANDIDATE,false,false,duplicate candidate quarantined from active execution
agents/agni/agni_agent.py,AGENT,MAC-06.2C active UNKNOWN_NEEDS_REVIEW,QUARANTINE_REVIEW,false,false,not consumed by executable DAG
agents/arjuna/arjuna_agent.py,AGENT,MAC-06.2C active UNKNOWN_NEEDS_REVIEW,QUARANTINE_REVIEW,false,false,not consumed by executable DAG
agents/aruna/aruna_agent.py,AGENT,MAC-06.2C active UNKNOWN_NEEDS_REVIEW,QUARANTINE_REVIEW,false,false,not consumed by executable DAG
agents/brahma/brahma_agent.py,AGENT,MAC-06.2C active UNKNOWN_NEEDS_REVIEW,QUARANTINE_REVIEW,false,false,not consumed by executable DAG
agents/chanakya/chanakya_agent.py,AGENT,MAC-06.2C active UNKNOWN_NEEDS_REVIEW,QUARANTINE_REVIEW,false,false,not consumed by executable DAG
agents/chandra/chandra_agent.py,AGENT,MAC-06.2C active UNKNOWN_NEEDS_REVIEW,QUARANTINE_REVIEW,false,false,not consumed by executable DAG
agents/chitragupta/chitragupta_agent.py,AGENT,MAC-06.2C active UNKNOWN_NEEDS_REVIEW,QUARANTINE_REVIEW,false,false,not consumed by executable DAG
agents/common/agent_class_matrix.py,AGENT,MAC-06.2C active UNKNOWN_NEEDS_REVIEW,QUARANTINE_REVIEW,false,false,not consumed by executable DAG
agents/common/director_binding_matrix.py,AGENT,MAC-06.2C active UNKNOWN_NEEDS_REVIEW,QUARANTINE_REVIEW,false,false,not consumed by executable DAG
agents/common/sub_agent_matrix.py,AGENT,MAC-06.2C active UNKNOWN_NEEDS_REVIEW,QUARANTINE_REVIEW,false,false,not consumed by executable DAG
agents/common/workflow_sub_agent_base.py,AGENT,MAC-06.2C active UNKNOWN_NEEDS_REVIEW,QUARANTINE_REVIEW,false,false,not consumed by executable DAG
agents/durga/durga_agent.py,AGENT,MAC-06.2C active UNKNOWN_NEEDS_REVIEW,QUARANTINE_REVIEW,false,false,not consumed by executable DAG
agents/ganesha/ganesha_agent.py,AGENT,MAC-06.2C active UNKNOWN_NEEDS_REVIEW,QUARANTINE_REVIEW,false,false,not consumed by executable DAG
agents/garuda/garuda_agent.py,AGENT,MAC-06.2C active UNKNOWN_NEEDS_REVIEW,QUARANTINE_REVIEW,false,false,not consumed by executable DAG
agents/hanuman/hanuman_agent.py,AGENT,MAC-06.2C active UNKNOWN_NEEDS_REVIEW,QUARANTINE_REVIEW,false,false,not consumed by executable DAG
agents/indra/indra_agent.py,AGENT,MAC-06.2C active UNKNOWN_NEEDS_REVIEW,QUARANTINE_REVIEW,false,false,not consumed by executable DAG
agents/kama/kama_agent.py,AGENT,MAC-06.2C active UNKNOWN_NEEDS_REVIEW,QUARANTINE_REVIEW,false,false,not consumed by executable DAG
agents/krishna/krishna_agent.py,AGENT,MAC-06.2C active UNKNOWN_NEEDS_REVIEW,QUARANTINE_REVIEW,false,false,not consumed by executable DAG
agents/kubera/kubera_agent.py,AGENT,MAC-06.2C active UNKNOWN_NEEDS_REVIEW,QUARANTINE_REVIEW,false,false,not consumed by executable DAG
agents/narada/narada_agent.py,AGENT,MAC-06.2C active UNKNOWN_NEEDS_REVIEW,QUARANTINE_REVIEW,false,false,not consumed by executable DAG
agents/nataraja/nataraja_agent.py,AGENT,MAC-06.2C active UNKNOWN_NEEDS_REVIEW,QUARANTINE_REVIEW,false,false,not consumed by executable DAG
agents/parashara/parashara_agent.py,AGENT,MAC-06.2C active UNKNOWN_NEEDS_REVIEW,QUARANTINE_REVIEW,false,false,not consumed by executable DAG
agents/ravana/ravana_agent.py,AGENT,MAC-06.2C active UNKNOWN_NEEDS_REVIEW,QUARANTINE_REVIEW,false,false,not consumed by executable DAG
agents/saraswati/saraswati_agent.py,AGENT,MAC-06.2C active UNKNOWN_NEEDS_REVIEW,QUARANTINE_REVIEW,false,false,not consumed by executable DAG
agents/shakti/shakti_agent.py,AGENT,MAC-06.2C active UNKNOWN_NEEDS_REVIEW,QUARANTINE_REVIEW,false,false,not consumed by executable DAG
agents/shiva/shiva_agent.py,AGENT,MAC-06.2C active UNKNOWN_NEEDS_REVIEW,QUARANTINE_REVIEW,false,false,not consumed by executable DAG
agents/tumburu/tumburu_agent.py,AGENT,MAC-06.2C active UNKNOWN_NEEDS_REVIEW,QUARANTINE_REVIEW,false,false,not consumed by executable DAG
agents/valmiki/valmiki_agent.py,AGENT,MAC-06.2C active UNKNOWN_NEEDS_REVIEW,QUARANTINE_REVIEW,false,false,not consumed by executable DAG
agents/varuna/varuna_agent.py,AGENT,MAC-06.2C active UNKNOWN_NEEDS_REVIEW,QUARANTINE_REVIEW,false,false,not consumed by executable DAG
agents/vishnu/vishnu_agent.py,AGENT,MAC-06.2C active UNKNOWN_NEEDS_REVIEW,QUARANTINE_REVIEW,false,false,not consumed by executable DAG
agents/vishwakarma/vishwakarma_agent.py,AGENT,MAC-06.2C active UNKNOWN_NEEDS_REVIEW,QUARANTINE_REVIEW,false,false,not consumed by executable DAG
agents/vyasa/vyasa_agent.py,AGENT,MAC-06.2C active UNKNOWN_NEEDS_REVIEW,QUARANTINE_REVIEW,false,false,not consumed by executable DAG
agents/yama/yama_agent.py,AGENT,MAC-06.2C active UNKNOWN_NEEDS_REVIEW,QUARANTINE_REVIEW,false,false,not consumed by executable DAG
agents/yudhishthira/yudhishthira_agent.py,AGENT,MAC-06.2C active UNKNOWN_NEEDS_REVIEW,QUARANTINE_REVIEW,false,false,not consumed by executable DAG
subagents/SUB_AGENT_RUNTIME_REGISTRY.yaml,SUB_AGENT,MAC-06.2C active UNKNOWN_NEEDS_REVIEW,QUARANTINE_REVIEW,false,false,not consumed by executable DAG
subagents/cwf_110/cwf_110_sub_agent.py,SUB_AGENT,MAC-06.2C active UNKNOWN_NEEDS_REVIEW,DUPLICATE_CANDIDATE,false,false,duplicate candidate quarantined from active execution
subagents/cwf_120/cwf_120_sub_agent.py,SUB_AGENT,MAC-06.2C active UNKNOWN_NEEDS_REVIEW,DUPLICATE_CANDIDATE,false,false,duplicate candidate quarantined from active execution
subagents/cwf_130/cwf_130_sub_agent.py,SUB_AGENT,MAC-06.2C active UNKNOWN_NEEDS_REVIEW,DUPLICATE_CANDIDATE,false,false,duplicate candidate quarantined from active execution
subagents/cwf_140/cwf_140_sub_agent.py,SUB_AGENT,MAC-06.2C active UNKNOWN_NEEDS_REVIEW,DUPLICATE_CANDIDATE,false,false,duplicate candidate quarantined from active execution
subagents/cwf_210/cwf_210_sub_agent.py,SUB_AGENT,MAC-06.2C active UNKNOWN_NEEDS_REVIEW,DUPLICATE_CANDIDATE,false,false,duplicate candidate quarantined from active execution
subagents/cwf_220/cwf_220_sub_agent.py,SUB_AGENT,MAC-06.2C active UNKNOWN_NEEDS_REVIEW,DUPLICATE_CANDIDATE,false,false,duplicate candidate quarantined from active execution
subagents/cwf_230/cwf_230_sub_agent.py,SUB_AGENT,MAC-06.2C active UNKNOWN_NEEDS_REVIEW,DUPLICATE_CANDIDATE,false,false,duplicate candidate quarantined from active execution
subagents/cwf_240/cwf_240_sub_agent.py,SUB_AGENT,MAC-06.2C active UNKNOWN_NEEDS_REVIEW,DUPLICATE_CANDIDATE,false,false,duplicate candidate quarantined from active execution
subagents/cwf_310/cwf_310_sub_agent.py,SUB_AGENT,MAC-06.2C active UNKNOWN_NEEDS_REVIEW,DUPLICATE_CANDIDATE,false,false,duplicate candidate quarantined from active execution
subagents/cwf_320/cwf_320_sub_agent.py,SUB_AGENT,MAC-06.2C active UNKNOWN_NEEDS_REVIEW,DUPLICATE_CANDIDATE,false,false,duplicate candidate quarantined from active execution
subagents/cwf_330/cwf_330_sub_agent.py,SUB_AGENT,MAC-06.2C active UNKNOWN_NEEDS_REVIEW,DUPLICATE_CANDIDATE,false,false,duplicate candidate quarantined from active execution
subagents/cwf_340/cwf_340_sub_agent.py,SUB_AGENT,MAC-06.2C active UNKNOWN_NEEDS_REVIEW,DUPLICATE_CANDIDATE,false,false,duplicate candidate quarantined from active execution
subagents/cwf_410/cwf_410_sub_agent.py,SUB_AGENT,MAC-06.2C active UNKNOWN_NEEDS_REVIEW,DUPLICATE_CANDIDATE,false,false,duplicate candidate quarantined from active execution
subagents/cwf_420/cwf_420_sub_agent.py,SUB_AGENT,MAC-06.2C active UNKNOWN_NEEDS_REVIEW,DUPLICATE_CANDIDATE,false,false,duplicate candidate quarantined from active execution
subagents/cwf_430/cwf_430_sub_agent.py,SUB_AGENT,MAC-06.2C active UNKNOWN_NEEDS_REVIEW,DUPLICATE_CANDIDATE,false,false,duplicate candidate quarantined from active execution
subagents/cwf_440/cwf_440_sub_agent.py,SUB_AGENT,MAC-06.2C active UNKNOWN_NEEDS_REVIEW,DUPLICATE_CANDIDATE,false,false,duplicate candidate quarantined from active execution
subagents/cwf_510/cwf_510_sub_agent.py,SUB_AGENT,MAC-06.2C active UNKNOWN_NEEDS_REVIEW,DUPLICATE_CANDIDATE,false,false,duplicate candidate quarantined from active execution
subagents/cwf_520/cwf_520_sub_agent.py,SUB_AGENT,MAC-06.2C active UNKNOWN_NEEDS_REVIEW,DUPLICATE_CANDIDATE,false,false,duplicate candidate quarantined from active execution
subagents/cwf_530/cwf_530_sub_agent.py,SUB_AGENT,MAC-06.2C active UNKNOWN_NEEDS_REVIEW,DUPLICATE_CANDIDATE,false,false,duplicate candidate quarantined from active execution
subagents/cwf_610/cwf_610_sub_agent.py,SUB_AGENT,MAC-06.2C active UNKNOWN_NEEDS_REVIEW,DUPLICATE_CANDIDATE,false,false,duplicate candidate quarantined from active execution
subagents/cwf_620/cwf_620_sub_agent.py,SUB_AGENT,MAC-06.2C active UNKNOWN_NEEDS_REVIEW,DUPLICATE_CANDIDATE,false,false,duplicate candidate quarantined from active execution
subagents/cwf_630/cwf_630_sub_agent.py,SUB_AGENT,MAC-06.2C active UNKNOWN_NEEDS_REVIEW,DUPLICATE_CANDIDATE,false,false,duplicate candidate quarantined from active execution
subagents/wf_000/wf_000_sub_agent.py,SUB_AGENT,MAC-06.2C active UNKNOWN_NEEDS_REVIEW,DUPLICATE_CANDIDATE,false,false,duplicate candidate quarantined from active execution
subagents/wf_001/wf_001_sub_agent.py,SUB_AGENT,MAC-06.2C active UNKNOWN_NEEDS_REVIEW,DUPLICATE_CANDIDATE,false,false,duplicate candidate quarantined from active execution
subagents/wf_010/wf_010_sub_agent.py,SUB_AGENT,MAC-06.2C active UNKNOWN_NEEDS_REVIEW,DUPLICATE_CANDIDATE,false,false,duplicate candidate quarantined from active execution
subagents/wf_020/wf_020_sub_agent.py,SUB_AGENT,MAC-06.2C active UNKNOWN_NEEDS_REVIEW,DUPLICATE_CANDIDATE,false,false,duplicate candidate quarantined from active execution
subagents/wf_021/wf_021_sub_agent.py,SUB_AGENT,MAC-06.2C active UNKNOWN_NEEDS_REVIEW,DUPLICATE_CANDIDATE,false,false,duplicate candidate quarantined from active execution
subagents/wf_022/wf_022_sub_agent.py,SUB_AGENT,MAC-06.2C active UNKNOWN_NEEDS_REVIEW,DUPLICATE_CANDIDATE,false,false,duplicate candidate quarantined from active execution
subagents/wf_023/wf_023_sub_agent.py,SUB_AGENT,MAC-06.2C active UNKNOWN_NEEDS_REVIEW,DUPLICATE_CANDIDATE,false,false,duplicate candidate quarantined from active execution
subagents/wf_100/wf_100_sub_agent.py,SUB_AGENT,MAC-06.2C active UNKNOWN_NEEDS_REVIEW,DUPLICATE_CANDIDATE,false,false,duplicate candidate quarantined from active execution
subagents/wf_200/wf_200_sub_agent.py,SUB_AGENT,MAC-06.2C active UNKNOWN_NEEDS_REVIEW,DUPLICATE_CANDIDATE,false,false,duplicate candidate quarantined from active execution
subagents/wf_300/wf_300_sub_agent.py,SUB_AGENT,MAC-06.2C active UNKNOWN_NEEDS_REVIEW,DUPLICATE_CANDIDATE,false,false,duplicate candidate quarantined from active execution
subagents/wf_400/wf_400_sub_agent.py,SUB_AGENT,MAC-06.2C active UNKNOWN_NEEDS_REVIEW,DUPLICATE_CANDIDATE,false,false,duplicate candidate quarantined from active execution
subagents/wf_500/wf_500_sub_agent.py,SUB_AGENT,MAC-06.2C active UNKNOWN_NEEDS_REVIEW,DUPLICATE_CANDIDATE,false,false,duplicate candidate quarantined from active execution
subagents/wf_600/wf_600_sub_agent.py,SUB_AGENT,MAC-06.2C active UNKNOWN_NEEDS_REVIEW,DUPLICATE_CANDIDATE,false,false,duplicate candidate quarantined from active execution
subagents/wf_900/wf_900_sub_agent.py,SUB_AGENT,MAC-06.2C active UNKNOWN_NEEDS_REVIEW,DUPLICATE_CANDIDATE,false,false,duplicate candidate quarantined from active execution
skills/analytics/E-601-performance-analyst.py,SKILL,MAC-06.2C active UNKNOWN_NEEDS_REVIEW,QUARANTINE_REVIEW,false,false,not consumed by executable DAG
skills/analytics/E-602-feedback-analyst.py,SKILL,MAC-06.2C active UNKNOWN_NEEDS_REVIEW,QUARANTINE_REVIEW,false,false,not consumed by executable DAG
skills/analytics/E-603-evolution-strategist.py,SKILL,MAC-06.2C active UNKNOWN_NEEDS_REVIEW,QUARANTINE_REVIEW,false,false,not consumed by executable DAG
skills/autonomous_loop/M-091-lip-sync-engine.py,SKILL,MAC-06.2C active UNKNOWN_NEEDS_REVIEW,QUARANTINE_REVIEW,false,false,not consumed by executable DAG
skills/autonomous_loop/M-091-m-091-execution-engine.py,SKILL,MAC-06.2C active UNKNOWN_NEEDS_REVIEW,QUARANTINE_REVIEW,false,false,not consumed by executable DAG
skills/autonomous_loop/M-092-avatar-rendering-engine.py,SKILL,MAC-06.2C active UNKNOWN_NEEDS_REVIEW,QUARANTINE_REVIEW,false,false,not consumed by executable DAG
skills/autonomous_loop/M-094-color-grading-engine.py,SKILL,MAC-06.2C active UNKNOWN_NEEDS_REVIEW,QUARANTINE_REVIEW,false,false,not consumed by executable DAG
skills/autonomous_loop/M-095-motion-graphics-engine.py,SKILL,MAC-06.2C active UNKNOWN_NEEDS_REVIEW,QUARANTINE_REVIEW,false,false,not consumed by executable DAG
skills/autonomous_loop/M-096-transition-designer.py,SKILL,MAC-06.2C active UNKNOWN_NEEDS_REVIEW,QUARANTINE_REVIEW,false,false,not consumed by executable DAG
skills/autonomous_loop/M-097-pacing-optimizer.py,SKILL,MAC-06.2C active UNKNOWN_NEEDS_REVIEW,QUARANTINE_REVIEW,false,false,not consumed by executable DAG
skills/autonomous_loop/M-100-safety-compliance-engine.py,SKILL,MAC-06.2C active UNKNOWN_NEEDS_REVIEW,QUARANTINE_REVIEW,false,false,not consumed by executable DAG
skills/autonomous_loop/M-101-decision-board.py,SKILL,MAC-06.2C active UNKNOWN_NEEDS_REVIEW,QUARANTINE_REVIEW,false,false,not consumed by executable DAG
skills/autonomous_loop/M-102-escalation-engine.py,SKILL,MAC-06.2C active UNKNOWN_NEEDS_REVIEW,QUARANTINE_REVIEW,false,false,not consumed by executable DAG
skills/autonomous_loop/M-103-strategic-alignment-engine.py,SKILL,MAC-06.2C active UNKNOWN_NEEDS_REVIEW,QUARANTINE_REVIEW,false,false,not consumed by executable DAG
skills/autonomous_loop/M-104-executive-review-system.py,SKILL,MAC-06.2C active UNKNOWN_NEEDS_REVIEW,QUARANTINE_REVIEW,false,false,not consumed by executable DAG
skills/autonomous_loop/M-106-upload-verification.py,SKILL,MAC-06.2C active UNKNOWN_NEEDS_REVIEW,QUARANTINE_REVIEW,false,false,not consumed by executable DAG
skills/autonomous_loop/M-107-algorithm-kickstart-engine.py,SKILL,MAC-06.2C active UNKNOWN_NEEDS_REVIEW,QUARANTINE_REVIEW,false,false,not consumed by executable DAG
skills/autonomous_loop/M-108-engagement-booster.py,SKILL,MAC-06.2C active UNKNOWN_NEEDS_REVIEW,QUARANTINE_REVIEW,false,false,not consumed by executable DAG
skills/autonomous_loop/M-109-comment-analyzer.py,SKILL,MAC-06.2C active UNKNOWN_NEEDS_REVIEW,QUARANTINE_REVIEW,false,false,not consumed by executable DAG
skills/autonomous_loop/M-110-reputation-monitor.py,SKILL,MAC-06.2C active UNKNOWN_NEEDS_REVIEW,QUARANTINE_REVIEW,false,false,not consumed by executable DAG
skills/autonomous_loop/M-111-feedback-learning-engine.py,SKILL,MAC-06.2C active UNKNOWN_NEEDS_REVIEW,QUARANTINE_REVIEW,false,false,not consumed by executable DAG
skills/autonomous_loop/M-112-strategy-refinement-engine.py,SKILL,MAC-06.2C active UNKNOWN_NEEDS_REVIEW,QUARANTINE_REVIEW,false,false,not consumed by executable DAG
skills/autonomous_loop/M-113-empire-growth-engine.py,SKILL,MAC-06.2C active UNKNOWN_NEEDS_REVIEW,QUARANTINE_REVIEW,false,false,not consumed by executable DAG
skills/autonomous_loop/M-114-resource-expansion-engine.py,SKILL,MAC-06.2C active UNKNOWN_NEEDS_REVIEW,QUARANTINE_REVIEW,false,false,not consumed by executable DAG
skills/autonomous_loop/M-115-automation-expansion-engine.py,SKILL,MAC-06.2C active UNKNOWN_NEEDS_REVIEW,QUARANTINE_REVIEW,false,false,not consumed by executable DAG
skills/autonomous_loop/M-116-skill-evolution-engine.py,SKILL,MAC-06.2C active UNKNOWN_NEEDS_REVIEW,QUARANTINE_REVIEW,false,false,not consumed by executable DAG
skills/autonomous_loop/M-117-intelligence-upgrade-engine.py,SKILL,MAC-06.2C active UNKNOWN_NEEDS_REVIEW,QUARANTINE_REVIEW,false,false,not consumed by executable DAG
skills/autonomous_loop/M-118-empire-security-engine.py,SKILL,MAC-06.2C active UNKNOWN_NEEDS_REVIEW,QUARANTINE_REVIEW,false,false,not consumed by executable DAG
skills/autonomous_loop/M-119-redundancy-system.py,SKILL,MAC-06.2C active UNKNOWN_NEEDS_REVIEW,QUARANTINE_REVIEW,false,false,not consumed by executable DAG
skills/autonomous_loop/M-120-supreme-orchestrator.py,SKILL,MAC-06.2C active UNKNOWN_NEEDS_REVIEW,QUARANTINE_REVIEW,false,false,not consumed by executable DAG
skills/governance/M-181-innovation-engine.py,SKILL,MAC-06.2C active UNKNOWN_NEEDS_REVIEW,QUARANTINE_REVIEW,false,false,not consumed by executable DAG
skills/governance/M-182-collaboration-engine.py,SKILL,MAC-06.2C active UNKNOWN_NEEDS_REVIEW,QUARANTINE_REVIEW,false,false,not consumed by executable DAG
skills/intelligence/M-001-intent-cortex.py,SKILL,MAC-06.2C active UNKNOWN_NEEDS_REVIEW,QUARANTINE_REVIEW,false,false,not consumed by executable DAG
skills/intelligence/M-002-context-analyzer.py,SKILL,MAC-06.2C active UNKNOWN_NEEDS_REVIEW,QUARANTINE_REVIEW,false,false,not consumed by executable DAG
skills/operations/M-151-empire-expansion-layer.py,SKILL,MAC-06.2C active UNKNOWN_NEEDS_REVIEW,QUARANTINE_REVIEW,false,false,not consumed by executable DAG
skills/operations/M-152-channel-discovery-engine.py,SKILL,MAC-06.2C active UNKNOWN_NEEDS_REVIEW,QUARANTINE_REVIEW,false,false,not consumed by executable DAG
skills/operations/M-153-niche-profitability-analyzer.py,SKILL,MAC-06.2C active UNKNOWN_NEEDS_REVIEW,QUARANTINE_REVIEW,false,false,not consumed by executable DAG
skills/operations/M-154-channel-launch-architect.py,SKILL,MAC-06.2C active UNKNOWN_NEEDS_REVIEW,QUARANTINE_REVIEW,false,false,not consumed by executable DAG
skills/operations/M-155-brand-identity-engine.py,SKILL,MAC-06.2C active UNKNOWN_NEEDS_REVIEW,QUARANTINE_REVIEW,false,false,not consumed by executable DAG
skills/operations/M-156-audience-persona-generator.py,SKILL,MAC-06.2C active UNKNOWN_NEEDS_REVIEW,QUARANTINE_REVIEW,false,false,not consumed by executable DAG
skills/operations/M-157-content-strategy-replicator.py,SKILL,MAC-06.2C active UNKNOWN_NEEDS_REVIEW,QUARANTINE_REVIEW,false,false,not consumed by executable DAG
skills/operations/M-158-content-calendar-engine.py,SKILL,MAC-06.2C active UNKNOWN_NEEDS_REVIEW,QUARANTINE_REVIEW,false,false,not consumed by executable DAG
skills/operations/M-159-production-capacity-planner.py,SKILL,MAC-06.2C active UNKNOWN_NEEDS_REVIEW,QUARANTINE_REVIEW,false,false,not consumed by executable DAG
skills/operations/M-160-creator-clone-system.py,SKILL,MAC-06.2C active UNKNOWN_NEEDS_REVIEW,QUARANTINE_REVIEW,false,false,not consumed by executable DAG
skills/operations/M-161-personality-mapping-engine.py,SKILL,MAC-06.2C active UNKNOWN_NEEDS_REVIEW,QUARANTINE_REVIEW,false,false,not consumed by executable DAG
skills/operations/M-163-speech-emotion-engine.py,SKILL,MAC-06.2C active UNKNOWN_NEEDS_REVIEW,QUARANTINE_REVIEW,false,false,not consumed by executable DAG
skills/operations/M-164-character-behavior-engine.py,SKILL,MAC-06.2C active UNKNOWN_NEEDS_REVIEW,QUARANTINE_REVIEW,false,false,not consumed by executable DAG
skills/operations/M-165-dialogue-style-generator.py,SKILL,MAC-06.2C active UNKNOWN_NEEDS_REVIEW,QUARANTINE_REVIEW,false,false,not consumed by executable DAG
skills/operations/M-166-creator-identity-manager.py,SKILL,MAC-06.2C active UNKNOWN_NEEDS_REVIEW,QUARANTINE_REVIEW,false,false,not consumed by executable DAG
skills/operations/M-167-reputation-control-engine.py,SKILL,MAC-06.2C active UNKNOWN_NEEDS_REVIEW,QUARANTINE_REVIEW,false,false,not consumed by executable DAG
skills/operations/M-168-content-factory-controller.py,SKILL,MAC-06.2C active UNKNOWN_NEEDS_REVIEW,QUARANTINE_REVIEW,false,false,not consumed by executable DAG
skills/operations/M-171-knowledge-graph-builder.py,SKILL,MAC-06.2C active UNKNOWN_NEEDS_REVIEW,QUARANTINE_REVIEW,false,false,not consumed by executable DAG
skills/operations/M-172-insight-extraction-engine.py,SKILL,MAC-06.2C active UNKNOWN_NEEDS_REVIEW,QUARANTINE_REVIEW,false,false,not consumed by executable DAG
skills/operations/M-176-post-production-automation.py,SKILL,MAC-06.2C active UNKNOWN_NEEDS_REVIEW,QUARANTINE_REVIEW,false,false,not consumed by executable DAG
skills/operations/M-177-performance-tracking-engine.py,SKILL,MAC-06.2C active UNKNOWN_NEEDS_REVIEW,QUARANTINE_REVIEW,false,false,not consumed by executable DAG
skills/operations/M-178-channel-benchmark-engine.py,SKILL,MAC-06.2C active UNKNOWN_NEEDS_REVIEW,QUARANTINE_REVIEW,false,false,not consumed by executable DAG
skills/operations/M-179-competitive-intelligence-engine.py,SKILL,MAC-06.2C active UNKNOWN_NEEDS_REVIEW,QUARANTINE_REVIEW,false,false,not consumed by executable DAG
skills/operations/M-180-strategy-adaptation-engine.py,SKILL,MAC-06.2C active UNKNOWN_NEEDS_REVIEW,QUARANTINE_REVIEW,false,false,not consumed by executable DAG
skills/sub_skills/SS-001-context-packet-sanitizer.py,SKILL,MAC-06.2C active UNKNOWN_NEEDS_REVIEW,QUARANTINE_REVIEW,false,false,not consumed by executable DAG
skills/sub_skills/SS-102-heygen-avatar-render-orchestrator.py,SKILL,MAC-06.2C active UNKNOWN_NEEDS_REVIEW,DORMANT_FUTURE,false,false,future/provider execution remains disabled
skills/sub_skills/SS-105-higgsfield-cinematic-motion-director.py,SKILL,MAC-06.2C active UNKNOWN_NEEDS_REVIEW,DORMANT_FUTURE,false,false,future/provider execution remains disabled
skills/sub_skills/SS-109-youtube-analytics-ingestion-governor.py,SKILL,MAC-06.2C active UNKNOWN_NEEDS_REVIEW,DORMANT_FUTURE,false,false,future/provider execution remains disabled
skills/sub_skills/SS-110-openrouter-llm-route-governor.py,SKILL,MAC-06.2C active UNKNOWN_NEEDS_REVIEW,DORMANT_FUTURE,false,false,future/provider execution remains disabled
skills/sub_skills/SS-111-ollama-local-inference-optimizer.py,SKILL,MAC-06.2C active UNKNOWN_NEEDS_REVIEW,DORMANT_FUTURE,false,false,future/provider execution remains disabled
skills/sub_skills/SS-112-ffmpeg-render-assembly-guard.py,SKILL,MAC-06.2C active UNKNOWN_NEEDS_REVIEW,DORMANT_FUTURE,false,false,future/provider execution remains disabled
skills/sub_skills/SS-114-yt-dlp-ingestion-compliance-guard.py,SKILL,MAC-06.2C active UNKNOWN_NEEDS_REVIEW,DORMANT_FUTURE,false,false,future/provider execution remains disabled
skills/sub_skills/SS-221-source-credibility-evaluator.py,SKILL,MAC-06.2C active UNKNOWN_NEEDS_REVIEW,DORMANT_FUTURE,false,false,future/provider execution remains disabled
skills/sub_skills/SS-222-fact-verification-engine.py,SKILL,MAC-06.2C active UNKNOWN_NEEDS_REVIEW,DORMANT_FUTURE,false,false,future/provider execution remains disabled
skills/sub_skills/SS-223-knowledge-synthesizer.py,SKILL,MAC-06.2C active UNKNOWN_NEEDS_REVIEW,DORMANT_FUTURE,false,false,future/provider execution remains disabled
skills/sub_skills/SS-224-contradiction-detector.py,SKILL,MAC-06.2C active UNKNOWN_NEEDS_REVIEW,DORMANT_FUTURE,false,false,future/provider execution remains disabled
skills/sub_skills/SS-230-content-angle-generator.py,SKILL,MAC-06.2C active UNKNOWN_NEEDS_REVIEW,DORMANT_FUTURE,false,false,future/provider execution remains disabled
skills/sub_skills/SS-231-unique-value-proposition-builder.py,SKILL,MAC-06.2C active UNKNOWN_NEEDS_REVIEW,DORMANT_FUTURE,false,false,future/provider execution remains disabled
skills/sub_skills/SS-232-series-strategy-planner.py,SKILL,MAC-06.2C active UNKNOWN_NEEDS_REVIEW,DORMANT_FUTURE,false,false,future/provider execution remains disabled
skills/sub_skills/SS-233-content-calendar-generator.py,SKILL,MAC-06.2C active UNKNOWN_NEEDS_REVIEW,DORMANT_FUTURE,false,false,future/provider execution remains disabled
skills/sub_skills/SS-234-platform-strategy-mapper.py,SKILL,MAC-06.2C active UNKNOWN_NEEDS_REVIEW,DORMANT_FUTURE,false,false,future/provider execution remains disabled
skills/sub_skills/SS-240-hook-variation-generator.py,SKILL,MAC-06.2C active UNKNOWN_NEEDS_REVIEW,DORMANT_FUTURE,false,false,future/provider execution remains disabled
skills/sub_skills/SS-241-open-loop-generator.py,SKILL,MAC-06.2C active UNKNOWN_NEEDS_REVIEW,DORMANT_FUTURE,false,false,future/provider execution remains disabled
skills/sub_skills/SS-242-story-tension-builder.py,SKILL,MAC-06.2C active UNKNOWN_NEEDS_REVIEW,DORMANT_FUTURE,false,false,future/provider execution remains disabled
skills/sub_skills/SS-243-pacing-controller.py,SKILL,MAC-06.2C active UNKNOWN_NEEDS_REVIEW,DORMANT_FUTURE,false,false,future/provider execution remains disabled
skills/sub_skills/SS-244-retention-loop-engine.py,SKILL,MAC-06.2C active UNKNOWN_NEEDS_REVIEW,DORMANT_FUTURE,false,false,future/provider execution remains disabled
skills/sub_skills/SS-245-cliffhanger-designer.py,SKILL,MAC-06.2C active UNKNOWN_NEEDS_REVIEW,DORMANT_FUTURE,false,false,future/provider execution remains disabled
skills/swarm_expansion/M-121-algorithm-intelligence-core.py,SKILL,MAC-06.2C active UNKNOWN_NEEDS_REVIEW,QUARANTINE_REVIEW,false,false,not consumed by executable DAG
skills/swarm_expansion/M-122-data-signal-collector.py,SKILL,MAC-06.2C active UNKNOWN_NEEDS_REVIEW,QUARANTINE_REVIEW,false,false,not consumed by executable DAG
skills/swarm_expansion/M-123-algorithm-pattern-analyzer.py,SKILL,MAC-06.2C active UNKNOWN_NEEDS_REVIEW,QUARANTINE_REVIEW,false,false,not consumed by executable DAG
skills/swarm_expansion/M-124-watch-time-analyzer.py,SKILL,MAC-06.2C active UNKNOWN_NEEDS_REVIEW,QUARANTINE_REVIEW,false,false,not consumed by executable DAG
skills/swarm_expansion/M-125-retention-drop-detector.py,SKILL,MAC-06.2C active UNKNOWN_NEEDS_REVIEW,QUARANTINE_REVIEW,false,false,not consumed by executable DAG
skills/swarm_expansion/M-126-retention-repair-engine.py,SKILL,MAC-06.2C active UNKNOWN_NEEDS_REVIEW,QUARANTINE_REVIEW,false,false,not consumed by executable DAG
skills/swarm_expansion/M-127-viral-pattern-library.py,SKILL,MAC-06.2C active UNKNOWN_NEEDS_REVIEW,QUARANTINE_REVIEW,false,false,not consumed by executable DAG
skills/swarm_expansion/M-128-viral-pattern-replicator.py,SKILL,MAC-06.2C active UNKNOWN_NEEDS_REVIEW,QUARANTINE_REVIEW,false,false,not consumed by executable DAG
skills/swarm_expansion/M-129-thumbnail-heatmap-analyzer.py,SKILL,MAC-06.2C active UNKNOWN_NEEDS_REVIEW,QUARANTINE_REVIEW,false,false,not consumed by executable DAG
skills/swarm_expansion/M-130-thumbnail-optimization-engine.py,SKILL,MAC-06.2C active UNKNOWN_NEEDS_REVIEW,QUARANTINE_REVIEW,false,false,not consumed by executable DAG
skills/swarm_expansion/M-131-ctr-prediction-engine.py,SKILL,MAC-06.2C active UNKNOWN_NEEDS_REVIEW,QUARANTINE_REVIEW,false,false,not consumed by executable DAG
skills/swarm_expansion/M-132-title-emotion-analyzer.py,SKILL,MAC-06.2C active UNKNOWN_NEEDS_REVIEW,QUARANTINE_REVIEW,false,false,not consumed by executable DAG
skills/swarm_expansion/M-133-curiosity-trigger-engine.py,SKILL,MAC-06.2C active UNKNOWN_NEEDS_REVIEW,QUARANTINE_REVIEW,false,false,not consumed by executable DAG
skills/swarm_expansion/M-134-psychological-hook-engine.py,SKILL,MAC-06.2C active UNKNOWN_NEEDS_REVIEW,QUARANTINE_REVIEW,false,false,not consumed by executable DAG
skills/swarm_expansion/M-135-click-urgency-generator.py,SKILL,MAC-06.2C active UNKNOWN_NEEDS_REVIEW,QUARANTINE_REVIEW,false,false,not consumed by executable DAG
skills/swarm_expansion/M-136-ctr-stress-tester.py,SKILL,MAC-06.2C active UNKNOWN_NEEDS_REVIEW,QUARANTINE_REVIEW,false,false,not consumed by executable DAG
skills/swarm_expansion/M-137-thumbnail-emotion-optimizer.py,SKILL,MAC-06.2C active UNKNOWN_NEEDS_REVIEW,QUARANTINE_REVIEW,false,false,not consumed by executable DAG
skills/swarm_expansion/M-138-viral-probability-engine.py,SKILL,MAC-06.2C active UNKNOWN_NEEDS_REVIEW,QUARANTINE_REVIEW,false,false,not consumed by executable DAG
skills/swarm_expansion/M-139-viral-acceleration-engine.py,SKILL,MAC-06.2C active UNKNOWN_NEEDS_REVIEW,QUARANTINE_REVIEW,false,false,not consumed by executable DAG
skills/swarm_expansion/M-140-shareability-optimizer.py,SKILL,MAC-06.2C active UNKNOWN_NEEDS_REVIEW,QUARANTINE_REVIEW,false,false,not consumed by executable DAG
skills/swarm_expansion/M-141-community-trigger-engine.py,SKILL,MAC-06.2C active UNKNOWN_NEEDS_REVIEW,QUARANTINE_REVIEW,false,false,not consumed by executable DAG
skills/swarm_expansion/M-142-comment-magnet-engine.py,SKILL,MAC-06.2C active UNKNOWN_NEEDS_REVIEW,QUARANTINE_REVIEW,false,false,not consumed by executable DAG
skills/swarm_expansion/M-143-discussion-amplifier.py,SKILL,MAC-06.2C active UNKNOWN_NEEDS_REVIEW,QUARANTINE_REVIEW,false,false,not consumed by executable DAG
skills/swarm_expansion/M-144-engagement-momentum-engine.py,SKILL,MAC-06.2C active UNKNOWN_NEEDS_REVIEW,QUARANTINE_REVIEW,false,false,not consumed by executable DAG
skills/swarm_expansion/M-145-algorithm-boost-detector.py,SKILL,MAC-06.2C active UNKNOWN_NEEDS_REVIEW,QUARANTINE_REVIEW,false,false,not consumed by executable DAG
skills/swarm_expansion/M-146-viral-surge-manager.py,SKILL,MAC-06.2C active UNKNOWN_NEEDS_REVIEW,QUARANTINE_REVIEW,false,false,not consumed by executable DAG
skills/swarm_expansion/M-147-content-amplification-engine.py,SKILL,MAC-06.2C active UNKNOWN_NEEDS_REVIEW,QUARANTINE_REVIEW,false,false,not consumed by executable DAG
skills/swarm_expansion/M-148-channel-authority-builder.py,SKILL,MAC-06.2C active UNKNOWN_NEEDS_REVIEW,QUARANTINE_REVIEW,false,false,not consumed by executable DAG
skills/swarm_expansion/M-149-algorithm-trust-engine.py,SKILL,MAC-06.2C active UNKNOWN_NEEDS_REVIEW,QUARANTINE_REVIEW,false,false,not consumed by executable DAG
skills/swarm_expansion/M-150-platform-dominance-engine.py,SKILL,MAC-06.2C active UNKNOWN_NEEDS_REVIEW,QUARANTINE_REVIEW,false,false,not consumed by executable DAG
skills/system_intelligence/M-061-micro-skill-army-router.py,SKILL,MAC-06.2C active UNKNOWN_NEEDS_REVIEW,QUARANTINE_REVIEW,false,false,not consumed by executable DAG
skills/system_intelligence/M-062-skill-loader-protocol.py,SKILL,MAC-06.2C active UNKNOWN_NEEDS_REVIEW,QUARANTINE_REVIEW,false,false,not consumed by executable DAG
skills/system_intelligence/M-063-skill-dependency-resolver.py,SKILL,MAC-06.2C active UNKNOWN_NEEDS_REVIEW,QUARANTINE_REVIEW,false,false,not consumed by executable DAG
skills/system_intelligence/M-064-skill-priority-engine.py,SKILL,MAC-06.2C active UNKNOWN_NEEDS_REVIEW,QUARANTINE_REVIEW,false,false,not consumed by executable DAG
skills/system_intelligence/M-065-task-queue-manager.py,SKILL,MAC-06.2C active UNKNOWN_NEEDS_REVIEW,QUARANTINE_REVIEW,false,false,not consumed by executable DAG
skills/system_intelligence/M-066-resource-allocator.py,SKILL,MAC-06.2C active UNKNOWN_NEEDS_REVIEW,QUARANTINE_REVIEW,false,false,not consumed by executable DAG
skills/system_intelligence/M-067-performance-monitor.py,SKILL,MAC-06.2C active UNKNOWN_NEEDS_REVIEW,QUARANTINE_REVIEW,false,false,not consumed by executable DAG
skills/system_intelligence/M-068-failure-detector.py,SKILL,MAC-06.2C active UNKNOWN_NEEDS_REVIEW,QUARANTINE_REVIEW,false,false,not consumed by executable DAG
skills/system_intelligence/M-069-recovery-engine.py,SKILL,MAC-06.2C active UNKNOWN_NEEDS_REVIEW,QUARANTINE_REVIEW,false,false,not consumed by executable DAG
skills/system_intelligence/M-070-adaptive-re-router.py,SKILL,MAC-06.2C active UNKNOWN_NEEDS_REVIEW,QUARANTINE_REVIEW,false,false,not consumed by executable DAG
skills/system_intelligence/M-071-intelligence-memory-system.py,SKILL,MAC-06.2C active UNKNOWN_NEEDS_REVIEW,QUARANTINE_REVIEW,false,false,not consumed by executable DAG
skills/system_intelligence/M-072-pattern-recognition-engine.py,SKILL,MAC-06.2C active UNKNOWN_NEEDS_REVIEW,QUARANTINE_REVIEW,false,false,not consumed by executable DAG
skills/system_intelligence/M-073-trend-prediction-engine.py,SKILL,MAC-06.2C active UNKNOWN_NEEDS_REVIEW,QUARANTINE_REVIEW,false,false,not consumed by executable DAG
skills/system_intelligence/M-074-viral-opportunity-scanner.py,SKILL,MAC-06.2C active UNKNOWN_NEEDS_REVIEW,QUARANTINE_REVIEW,false,false,not consumed by executable DAG
skills/system_intelligence/M-075-content-replication-engine.py,SKILL,MAC-06.2C active UNKNOWN_NEEDS_REVIEW,QUARANTINE_REVIEW,false,false,not consumed by executable DAG
skills/system_intelligence/M-076-multi-channel-expansion-engine.py,SKILL,MAC-06.2C active UNKNOWN_NEEDS_REVIEW,QUARANTINE_REVIEW,false,false,not consumed by executable DAG
skills/system_intelligence/M-077-language-localization-engine.py,SKILL,MAC-06.2C active UNKNOWN_NEEDS_REVIEW,QUARANTINE_REVIEW,false,false,not consumed by executable DAG
skills/system_intelligence/M-078-cultural-adaptation-engine.py,SKILL,MAC-06.2C active UNKNOWN_NEEDS_REVIEW,QUARANTINE_REVIEW,false,false,not consumed by executable DAG
skills/system_intelligence/M-079-platform-format-engine.py,SKILL,MAC-06.2C active UNKNOWN_NEEDS_REVIEW,QUARANTINE_REVIEW,false,false,not consumed by executable DAG
skills/system_intelligence/M-080-shorts-generator.py,SKILL,MAC-06.2C active UNKNOWN_NEEDS_REVIEW,QUARANTINE_REVIEW,false,false,not consumed by executable DAG
skills/system_intelligence/M-081-clip-extraction-engine.py,SKILL,MAC-06.2C active UNKNOWN_NEEDS_REVIEW,QUARANTINE_REVIEW,false,false,not consumed by executable DAG
skills/system_intelligence/M-082-viral-clip-optimizer.py,SKILL,MAC-06.2C active UNKNOWN_NEEDS_REVIEW,QUARANTINE_REVIEW,false,false,not consumed by executable DAG
skills/system_intelligence/M-083-social-media-distributor.py,SKILL,MAC-06.2C active UNKNOWN_NEEDS_REVIEW,QUARANTINE_REVIEW,false,false,not consumed by executable DAG
skills/system_intelligence/M-084-cross-platform-analytics.py,SKILL,MAC-06.2C active UNKNOWN_NEEDS_REVIEW,QUARANTINE_REVIEW,false,false,not consumed by executable DAG
skills/system_intelligence/M-085-ai-avatar-director.py,SKILL,MAC-06.2C active UNKNOWN_NEEDS_REVIEW,QUARANTINE_REVIEW,false,false,not consumed by executable DAG
skills/system_intelligence/M-086-cinematic-shot-planner.py,SKILL,MAC-06.2C active UNKNOWN_NEEDS_REVIEW,QUARANTINE_REVIEW,false,false,not consumed by executable DAG
skills/system_intelligence/M-087-lighting-designer.py,SKILL,MAC-06.2C active UNKNOWN_NEEDS_REVIEW,QUARANTINE_REVIEW,false,false,not consumed by executable DAG
skills/system_intelligence/M-088-scene-composition-engine.py,SKILL,MAC-06.2C active UNKNOWN_NEEDS_REVIEW,QUARANTINE_REVIEW,false,false,not consumed by executable DAG
skills/system_intelligence/M-089-motion-director.py,SKILL,MAC-06.2C active UNKNOWN_NEEDS_REVIEW,QUARANTINE_REVIEW,false,false,not consumed by executable DAG
skills/system_intelligence/M-090-generic-m-090-forbidden-in-runtime-split-into-av-emo-090-and-yt-for-090.py,SKILL,MAC-06.2C active UNKNOWN_NEEDS_REVIEW,QUARANTINE_REVIEW,false,false,not consumed by executable DAG
subskills/README.md,SUB_SKILL,MAC-06.2C active UNKNOWN_NEEDS_REVIEW,QUARANTINE_REVIEW,false,false,not consumed by executable DAG
